{"_wandb":{"runtime":9},"train/mean_format_reward":0.46484375,"_step":0,"_timestamp":1.782703709767346e+09,"train/rollouts":{"artifact_path":"wandb-client-artifact://ih77w89t7fkry6hdeff90y20rbboqt16gdxurk0njezgh2ac0xce1ia8qbhtqqkzeq1cmp7by632ffiky4o6xpwugmrwrkh3rp2u5ul6fd6qon85po537rv6u2g3bnhq/train/rollouts.table.json","size":3372,"log_mode":"IMMUTABLE","ncols":3,"path":"media/table/train/rollouts_0_7c4cfa5c2faf1feae262.table.json","_latest_artifact_path":"wandb-client-artifact://swrwdm86qm9p40sl1bkdgm0e5a0z76gdhh5v5fafnj8te81vaqmm8nxe3ja44mi01srauop84b3ftpn7s7zt2yqh69dt8ib8d4sr42ee8v96jrlcq19r8atg36zw8e83:latest/train/rollouts.table.json","sha256":"7c4cfa5c2faf1feae26291488cc9ab13fcdfb041e6874c816e9027176c4999df","_type":"table-file","nrows":4},"train/mean_answer_reward":0.00390625,"_runtime":9.176508910999999,"train/grad_norm":0.283203125,"train/mean_loss":0,"train/std_advantage":0.16568289697170258,"train/mean_advantage":-1.1641532182693481e-10,"train/min_advantage":-0.35355237126350403,"train/max_advantage":2.4748666286468506,"train/loss":0.0010776915587484837,"train/mean_total_reward":0.00390625}